EmployeeID,Name,Email,Designation,DOBYear
EMP00001,Test Employee 1,evaluator_test_1@example.com,Product Manager,1992
EMP00002,Test Employee 2,evaluator_test_2@example.com,Marketing Director,1993
EMP00003,Test Employee 3,evaluator_test_3@example.com,Data Scientist,1982
EMP00004,Test Employee 4,evaluator_test_4@example.com,Marketing Director,1996
EMP00005,Test Employee 5,evaluator_test_5@example.com,HR Manager,1987
EMP00006,Test Employee 6,evaluator_test_6@example.com,Product Manager,1990
EMP00007,Test Employee 7,evaluator_test_7@example.com,Sales Executive,1986
EMP00008,Test Employee 8,evaluator_test_8@example.com,Marketing Director,1995
EMP00009,Test Employee 9,evaluator_test_9@example.com,Data Scientist,1989
EMP00010,Test Employee 10,evaluator_test_10@example.com,Product Manager,1995
EMP00011,Test Employee 11,evaluator_test_11@example.com,Sales Executive,1998
EMP00012,Test Employee 12,evaluator_test_12@example.com,Software Engineer,1980
EMP00013,Test Employee 13,evaluator_test_13@example.com,Product Manager,1987
EMP00014,Test Employee 14,evaluator_test_14@example.com,Marketing Director,1995
EMP00015,Test Employee 15,evaluator_test_15@example.com,HR Manager,1997
EMP00016,Test Employee 16,evaluator_test_16@example.com,Software Engineer,1994
EMP00017,Test Employee 17,evaluator_test_17@example.com,Software Engineer,1997
EMP00018,Test Employee 18,evaluator_test_18@example.com,Data Scientist,1988
EMP00019,Test Employee 19,evaluator_test_19@example.com,Marketing Director,1986
EMP00020,Test Employee 20,evaluator_test_20@example.com,Product Manager,1990
EMP00021,Test Employee 21,evaluator_test_21@example.com,Product Manager,1989
EMP00022,Test Employee 22,evaluator_test_22@example.com,Data Scientist,1992
EMP00023,Test Employee 23,evaluator_test_23@example.com,HR Manager,1987
EMP00024,Test Employee 24,evaluator_test_24@example.com,DevOps Engineer,1986
EMP00025,Test Employee 25,evaluator_test_25@example.com,HR Manager,1985
EMP00026,Test Employee 26,evaluator_test_26@example.com,HR Manager,1999
EMP00027,Test Employee 27,evaluator_test_27@example.com,DevOps Engineer,1984
EMP00028,Test Employee 28,evaluator_test_28@example.com,HR Manager,1987
EMP00029,Test Employee 29,evaluator_test_29@example.com,Marketing Director,1998
EMP00030,Test Employee 30,evaluator_test_30@example.com,Product Manager,1990
EMP00031,Test Employee 31,evaluator_test_31@example.com,DevOps Engineer,1991
EMP00032,Test Employee 32,evaluator_test_32@example.com,Data Scientist,1998
EMP00033,Test Employee 33,evaluator_test_33@example.com,Sales Executive,1981
EMP00034,Test Employee 34,evaluator_test_34@example.com,Software Engineer,1989
EMP00035,Test Employee 35,evaluator_test_35@example.com,DevOps Engineer,1999
EMP00036,Test Employee 36,evaluator_test_36@example.com,Marketing Director,1984
EMP00037,Test Employee 37,evaluator_test_37@example.com,HR Manager,1990
EMP00038,Test Employee 38,evaluator_test_38@example.com,HR Manager,1991
EMP00039,Test Employee 39,evaluator_test_39@example.com,HR Manager,1990
EMP00040,Test Employee 40,evaluator_test_40@example.com,Software Engineer,1987
EMP00041,Test Employee 41,evaluator_test_41@example.com,Marketing Director,1982
EMP00042,Test Employee 42,evaluator_test_42@example.com,Product Manager,1987
EMP00043,Test Employee 43,evaluator_test_43@example.com,HR Manager,1982
EMP00044,Test Employee 44,evaluator_test_44@example.com,HR Manager,1981
EMP00045,Test Employee 45,evaluator_test_45@example.com,DevOps Engineer,1984
EMP00046,Test Employee 46,evaluator_test_46@example.com,Marketing Director,1986
EMP00047,Test Employee 47,evaluator_test_47@example.com,Sales Executive,1991
EMP00048,Test Employee 48,evaluator_test_48@example.com,Software Engineer,1997
EMP00049,Test Employee 49,evaluator_test_49@example.com,Software Engineer,1998
EMP00050,Test Employee 50,evaluator_test_50@example.com,DevOps Engineer,1983
